"Composite.Variable","Year","Site","Patch","Adaptive.Mgmt","Herb.Trt","Nectar.Plant.Name","TransectTotals","L48.Status","Family","Seedmix"
"18-GB/H+","18","GIL","GIL-S","GB/H+","Con","alsike clover",9,"E","Fabaceae","O"
"14-GB/H+","14","LTR","LTR-W","GB/H+","Con","alsike clover",647,"E","Fabaceae","O"
"15-GB/H+","15","LTR","LTR-W","GB/H+","Con","alsike clover",11,"E","Fabaceae","O"
"18-GB/H+","18","LTR","LTR-W","GB/H+","Con","alsike clover",3,"E","Fabaceae","O"
"17-GB/H+","17","GIL","GIL-C","GB/H+","SnS","alsike clover",537,"E","Fabaceae","O"
"14-GB/H+","14","LTR","LTR-E","GB/H+","SnS","alsike clover",805,"E","Fabaceae","O"
"17-GB/H+","17","LTR","LTR-E","GB/H+","SnS","alsike clover",6,"E","Fabaceae","O"
"14-GB/H+","14","PYW","PYW-N","GB/H+","SnS","alsike clover",3,"E","Fabaceae","O"
"17-GB/H+","17","PYW","PYW-N","GB/H+","SnS","alsike clover",7,"E","Fabaceae","O"
"14-GB/H+","14","GIL","GIL-N","GB/H+","Spr","alsike clover",1,"E","Fabaceae","O"
"16-GB/H+","16","GIL","GIL-N","GB/H+","Spr","alsike clover",25,"E","Fabaceae","O"
"17-GB/H+","17","GIL","GIL-N","GB/H+","Spr","alsike clover",334,"E","Fabaceae","O"
"17-GB/H+","17","LTR","LTR-C","GB/H+","Spr","alsike clover",182,"E","Fabaceae","O"
"18-GB/H+","18","LTR","LTR-C","GB/H+","Spr","alsike clover",8,"E","Fabaceae","O"
"17-GB/H+","17","PYW","PYW-C","GB/H+","Spr","alsike clover",7,"E","Fabaceae","O"
"18-GB/H+","18","PYW","PYW-S","GB/H+","Con","antelope horns",1,"N","Apocynaceae","O"
"18-GB/H+","18","PYW","PYW-N","GB/H+","SnS","antelope horns",1,"N","Apocynaceae","O"
"14-GB/H+","14","GIL","GIL-S","GB/H+","Con","birdsfoot trefoil",360,"E","Fabaceae","O"
"15-GB/H+","15","GIL","GIL-S","GB/H+","Con","birdsfoot trefoil",763,"E","Fabaceae","O"
"16-GB/H+","16","GIL","GIL-S","GB/H+","Con","birdsfoot trefoil",539,"E","Fabaceae","O"
"17-GB/H+","17","GIL","GIL-S","GB/H+","Con","birdsfoot trefoil",960,"E","Fabaceae","O"
"18-GB/H+","18","GIL","GIL-S","GB/H+","Con","birdsfoot trefoil",832,"E","Fabaceae","O"
"14-GB/H+","14","LTR","LTR-W","GB/H+","Con","birdsfoot trefoil",39,"E","Fabaceae","O"
"14-GB/H+","14","PYW","PYW-S","GB/H+","Con","birdsfoot trefoil",3282,"E","Fabaceae","O"
"15-GB/H+","15","PYW","PYW-S","GB/H+","Con","birdsfoot trefoil",2661,"E","Fabaceae","O"
"16-GB/H+","16","PYW","PYW-S","GB/H+","Con","birdsfoot trefoil",2052,"E","Fabaceae","O"
"17-GB/H+","17","PYW","PYW-S","GB/H+","Con","birdsfoot trefoil",6864,"E","Fabaceae","O"
"18-GB/H+","18","PYW","PYW-S","GB/H+","Con","birdsfoot trefoil",9538,"E","Fabaceae","O"
"14-GB/H+","14","GIL","GIL-C","GB/H+","SnS","birdsfoot trefoil",209,"E","Fabaceae","O"
"15-GB/H+","15","GIL","GIL-C","GB/H+","SnS","birdsfoot trefoil",30,"E","Fabaceae","O"
"16-GB/H+","16","GIL","GIL-C","GB/H+","SnS","birdsfoot trefoil",161,"E","Fabaceae","O"
"17-GB/H+","17","GIL","GIL-C","GB/H+","SnS","birdsfoot trefoil",1077,"E","Fabaceae","O"
"18-GB/H+","18","GIL","GIL-C","GB/H+","SnS","birdsfoot trefoil",581,"E","Fabaceae","O"
"14-GB/H+","14","LTR","LTR-E","GB/H+","SnS","birdsfoot trefoil",32,"E","Fabaceae","O"
"15-GB/H+","15","LTR","LTR-E","GB/H+","SnS","birdsfoot trefoil",4,"E","Fabaceae","O"
"16-GB/H+","16","LTR","LTR-E","GB/H+","SnS","birdsfoot trefoil",33,"E","Fabaceae","O"
"17-GB/H+","17","LTR","LTR-E","GB/H+","SnS","birdsfoot trefoil",73,"E","Fabaceae","O"
"18-GB/H+","18","LTR","LTR-E","GB/H+","SnS","birdsfoot trefoil",77,"E","Fabaceae","O"
"14-GB/H+","14","PYW","PYW-N","GB/H+","SnS","birdsfoot trefoil",2923,"E","Fabaceae","O"
"15-GB/H+","15","PYW","PYW-N","GB/H+","SnS","birdsfoot trefoil",2558,"E","Fabaceae","O"
"16-GB/H+","16","PYW","PYW-N","GB/H+","SnS","birdsfoot trefoil",3073,"E","Fabaceae","O"
"17-GB/H+","17","PYW","PYW-N","GB/H+","SnS","birdsfoot trefoil",7628,"E","Fabaceae","O"
"18-GB/H+","18","PYW","PYW-N","GB/H+","SnS","birdsfoot trefoil",3752,"E","Fabaceae","O"
"14-GB/H+","14","GIL","GIL-N","GB/H+","Spr","birdsfoot trefoil",898,"E","Fabaceae","O"
"15-GB/H+","15","GIL","GIL-N","GB/H+","Spr","birdsfoot trefoil",143,"E","Fabaceae","O"
"16-GB/H+","16","GIL","GIL-N","GB/H+","Spr","birdsfoot trefoil",1123,"E","Fabaceae","O"
"17-GB/H+","17","GIL","GIL-N","GB/H+","Spr","birdsfoot trefoil",2434,"E","Fabaceae","O"
"18-GB/H+","18","GIL","GIL-N","GB/H+","Spr","birdsfoot trefoil",1061,"E","Fabaceae","O"
"14-GB/H+","14","LTR","LTR-C","GB/H+","Spr","birdsfoot trefoil",28,"E","Fabaceae","O"
"15-GB/H+","15","LTR","LTR-C","GB/H+","Spr","birdsfoot trefoil",24,"E","Fabaceae","O"
"16-GB/H+","16","LTR","LTR-C","GB/H+","Spr","birdsfoot trefoil",7,"E","Fabaceae","O"
"17-GB/H+","17","LTR","LTR-C","GB/H+","Spr","birdsfoot trefoil",167,"E","Fabaceae","O"
"18-GB/H+","18","LTR","LTR-C","GB/H+","Spr","birdsfoot trefoil",4,"E","Fabaceae","O"
"14-GB/H+","14","PYW","PYW-C","GB/H+","Spr","birdsfoot trefoil",1408,"E","Fabaceae","O"
"15-GB/H+","15","PYW","PYW-C","GB/H+","Spr","birdsfoot trefoil",958,"E","Fabaceae","O"
"16-GB/H+","16","PYW","PYW-C","GB/H+","Spr","birdsfoot trefoil",2194,"E","Fabaceae","O"
"17-GB/H+","17","PYW","PYW-C","GB/H+","Spr","birdsfoot trefoil",5995,"E","Fabaceae","O"
"18-GB/H+","18","PYW","PYW-C","GB/H+","Spr","birdsfoot trefoil",4221,"E","Fabaceae","O"
"16-GB/H+","16","GIL","GIL-S","GB/H+","Con","black medick",35,"E","Fabaceae","O"
"17-GB/H+","17","GIL","GIL-S","GB/H+","Con","black medick",27,"E","Fabaceae","O"
"18-GB/H+","18","GIL","GIL-S","GB/H+","Con","black medick",27,"E","Fabaceae","O"
"14-GB/H+","14","LTR","LTR-W","GB/H+","Con","black medick",14,"E","Fabaceae","O"
"16-GB/H+","16","LTR","LTR-W","GB/H+","Con","black medick",12,"E","Fabaceae","O"
"17-GB/H+","17","LTR","LTR-W","GB/H+","Con","black medick",105,"E","Fabaceae","O"
"14-GB/H+","14","PYW","PYW-S","GB/H+","Con","black medick",2,"E","Fabaceae","O"
"16-GB/H+","16","PYW","PYW-S","GB/H+","Con","black medick",10,"E","Fabaceae","O"
"14-GB/H+","14","GIL","GIL-C","GB/H+","SnS","black medick",19,"E","Fabaceae","O"
"16-GB/H+","16","GIL","GIL-C","GB/H+","SnS","black medick",77,"E","Fabaceae","O"
"17-GB/H+","17","GIL","GIL-C","GB/H+","SnS","black medick",55,"E","Fabaceae","O"
"18-GB/H+","18","GIL","GIL-C","GB/H+","SnS","black medick",21,"E","Fabaceae","O"
"14-GB/H+","14","LTR","LTR-E","GB/H+","SnS","black medick",25,"E","Fabaceae","O"
"16-GB/H+","16","LTR","LTR-E","GB/H+","SnS","black medick",11,"E","Fabaceae","O"
"17-GB/H+","17","LTR","LTR-E","GB/H+","SnS","black medick",78,"E","Fabaceae","O"
"18-GB/H+","18","LTR","LTR-E","GB/H+","SnS","black medick",153,"E","Fabaceae","O"
"14-GB/H+","14","PYW","PYW-N","GB/H+","SnS","black medick",8,"E","Fabaceae","O"
"16-GB/H+","16","PYW","PYW-N","GB/H+","SnS","black medick",110,"E","Fabaceae","O"
"17-GB/H+","17","PYW","PYW-N","GB/H+","SnS","black medick",23,"E","Fabaceae","O"
"14-GB/H+","14","GIL","GIL-N","GB/H+","Spr","black medick",243,"E","Fabaceae","O"
"16-GB/H+","16","GIL","GIL-N","GB/H+","Spr","black medick",17,"E","Fabaceae","O"
"17-GB/H+","17","GIL","GIL-N","GB/H+","Spr","black medick",71,"E","Fabaceae","O"
"18-GB/H+","18","GIL","GIL-N","GB/H+","Spr","black medick",6,"E","Fabaceae","O"
"16-GB/H+","16","LTR","LTR-C","GB/H+","Spr","black medick",15,"E","Fabaceae","O"
"17-GB/H+","17","LTR","LTR-C","GB/H+","Spr","black medick",193,"E","Fabaceae","O"
"18-GB/H+","18","LTR","LTR-C","GB/H+","Spr","black medick",15,"E","Fabaceae","O"
"14-GB/H+","14","PYW","PYW-C","GB/H+","Spr","black medick",133,"E","Fabaceae","O"
"16-GB/H+","16","PYW","PYW-C","GB/H+","Spr","black medick",90,"E","Fabaceae","O"
"16-GB/H+","16","GIL","GIL-S","GB/H+","Con","black-eyed susan",4,"N","Asteraceae","X"
"18-GB/H+","18","LTR","LTR-W","GB/H+","Con","black-eyed susan",19,"N","Asteraceae","X"
"15-GB/H+","15","PYW","PYW-S","GB/H+","Con","black-eyed susan",7,"N","Asteraceae","X"
"16-GB/H+","16","PYW","PYW-S","GB/H+","Con","black-eyed susan",21,"N","Asteraceae","X"
"17-GB/H+","17","PYW","PYW-S","GB/H+","Con","black-eyed susan",15,"N","Asteraceae","X"
"18-GB/H+","18","PYW","PYW-S","GB/H+","Con","black-eyed susan",11,"N","Asteraceae","X"
"16-GB/H+","16","GIL","GIL-C","GB/H+","SnS","black-eyed susan",34,"N","Asteraceae","X"
"17-GB/H+","17","GIL","GIL-C","GB/H+","SnS","black-eyed susan",7,"N","Asteraceae","X"
"16-GB/H+","16","LTR","LTR-E","GB/H+","SnS","black-eyed susan",9,"N","Asteraceae","X"
"17-GB/H+","17","LTR","LTR-E","GB/H+","SnS","black-eyed susan",9,"N","Asteraceae","X"
"15-GB/H+","15","PYW","PYW-N","GB/H+","SnS","black-eyed susan",7,"N","Asteraceae","X"
"16-GB/H+","16","PYW","PYW-N","GB/H+","SnS","black-eyed susan",171,"N","Asteraceae","X"
"17-GB/H+","17","PYW","PYW-N","GB/H+","SnS","black-eyed susan",21,"N","Asteraceae","X"
"18-GB/H+","18","PYW","PYW-N","GB/H+","SnS","black-eyed susan",6,"N","Asteraceae","X"
"16-GB/H+","16","GIL","GIL-N","GB/H+","Spr","black-eyed susan",3,"N","Asteraceae","X"
"16-GB/H+","16","LTR","LTR-C","GB/H+","Spr","black-eyed susan",4,"N","Asteraceae","X"
"18-GB/H+","18","LTR","LTR-C","GB/H+","Spr","black-eyed susan",13,"N","Asteraceae","X"
"15-GB/H+","15","PYW","PYW-C","GB/H+","Spr","black-eyed susan",2,"N","Asteraceae","X"
"16-GB/H+","16","PYW","PYW-C","GB/H+","Spr","black-eyed susan",146,"N","Asteraceae","X"
"17-GB/H+","17","PYW","PYW-C","GB/H+","Spr","black-eyed susan",44,"N","Asteraceae","X"
"18-GB/H+","18","PYW","PYW-C","GB/H+","Spr","black-eyed susan",18,"N","Asteraceae","X"
"17-GB/H+","17","PYW","PYW-S","GB/H+","Con","blue-eyed grass",3,"N","Iridaceae","X"
"14-GB/H+","14","PYW","PYW-N","GB/H+","SnS","blue-eyed grass",1,"N","Iridaceae","X"
"17-GB/H+","17","PYW","PYW-N","GB/H+","SnS","blue-eyed grass",4,"N","Iridaceae","X"
"17-GB/H+","17","LTR","LTR-C","GB/H+","Spr","blue-eyed grass",1,"N","Iridaceae","X"
"17-GB/H+","17","PYW","PYW-C","GB/H+","Spr","blue-eyed grass",3,"N","Iridaceae","X"
"17-GB/H+","17","GIL","GIL-S","GB/H+","Con","broadleaf plantain",1,"E","Plantaginaceae","O"
"17-GB/H+","17","GIL","GIL-C","GB/H+","SnS","broadleaf plantain",7,"E","Plantaginaceae","O"
"17-GB/H+","17","LTR","LTR-E","GB/H+","SnS","broadleaf plantain",405,"E","Plantaginaceae","O"
"17-GB/H+","17","GIL","GIL-N","GB/H+","Spr","broadleaf plantain",40,"E","Plantaginaceae","O"
"16-GB/H+","16","PYW","PYW-N","GB/H+","SnS","butterfly milkweed",1,"N","Apocynaceae","X"
"18-GB/H+","18","LTR","LTR-C","GB/H+","Spr","butterfly milkweed",7,"N","Apocynaceae","X"
"14-GB/H+","14","PYW","PYW-C","GB/H+","Spr","butterfly milkweed",17,"N","Apocynaceae","X"
"16-GB/H+","16","PYW","PYW-C","GB/H+","Spr","butterfly milkweed",5,"N","Apocynaceae","X"
"18-GB/H+","18","GIL","GIL-S","GB/H+","Con","canada anemone",2,"N","Ranunculaceae","O"
"17-GB/H+","17","PYW","PYW-N","GB/H+","SnS","canada anemone",9,"N","Ranunculaceae","O"
"18-GB/H+","18","GIL","GIL-C","GB/H+","SnS","catnip",1,"E","Lamiaceae","O"
"17-GB/H+","17","LTR","LTR-E","GB/H+","SnS","catnip",3,"E","Lamiaceae","O"
"15-GB/H+","15","GIL","GIL-S","GB/H+","Con","chickweed",7,"E","Caryophyllaceae","O"
"15-GB/H+","15","GIL","GIL-C","GB/H+","SnS","chickweed",3,"E","Caryophyllaceae","O"
"14-GB/H+","14","GIL","GIL-N","GB/H+","Spr","chickweed",1,"E","Caryophyllaceae","O"
"15-GB/H+","15","GIL","GIL-N","GB/H+","Spr","chickweed",1,"E","Caryophyllaceae","O"
"17-GB/H+","17","GIL","GIL-N","GB/H+","Spr","chickweed",9,"E","Caryophyllaceae","O"
"17-GB/H+","17","GIL","GIL-S","GB/H+","Con","chicory",11,"E","Asteraceae","O"
"18-GB/H+","18","GIL","GIL-S","GB/H+","Con","chicory",215,"E","Asteraceae","O"
"15-GB/H+","15","GIL","GIL-C","GB/H+","SnS","chicory",9,"E","Asteraceae","O"
"16-GB/H+","16","GIL","GIL-C","GB/H+","SnS","chicory",110,"E","Asteraceae","O"
"17-GB/H+","17","GIL","GIL-C","GB/H+","SnS","chicory",83,"E","Asteraceae","O"
"18-GB/H+","18","GIL","GIL-C","GB/H+","SnS","chicory",63,"E","Asteraceae","O"
"14-GB/H+","14","GIL","GIL-N","GB/H+","Spr","chicory",1,"E","Asteraceae","O"
"16-GB/H+","16","GIL","GIL-N","GB/H+","Spr","chicory",1,"E","Asteraceae","O"
"17-GB/H+","17","GIL","GIL-N","GB/H+","Spr","chicory",15,"E","Asteraceae","O"
"18-GB/H+","18","GIL","GIL-N","GB/H+","Spr","chicory",19,"E","Asteraceae","O"
"18-GB/H+","18","LTR","LTR-W","GB/H+","Con","common cinquefoil",1,"N","Rosaceae","O"
"14-GB/H+","14","PYW","PYW-S","GB/H+","Con","common cinquefoil",1,"N","Rosaceae","O"
"17-GB/H+","17","PYW","PYW-S","GB/H+","Con","common cinquefoil",29,"N","Rosaceae","O"
"17-GB/H+","17","GIL","GIL-C","GB/H+","SnS","common cinquefoil",3,"N","Rosaceae","O"
"18-GB/H+","18","GIL","GIL-C","GB/H+","SnS","common cinquefoil",1,"N","Rosaceae","O"
"14-GB/H+","14","PYW","PYW-N","GB/H+","SnS","common cinquefoil",1,"N","Rosaceae","O"
"17-GB/H+","17","PYW","PYW-N","GB/H+","SnS","common cinquefoil",8,"N","Rosaceae","O"
"14-GB/H+","14","GIL","GIL-N","GB/H+","Spr","common cinquefoil",3,"N","Rosaceae","O"
"16-GB/H+","16","GIL","GIL-N","GB/H+","Spr","common cinquefoil",3,"N","Rosaceae","O"
"18-GB/H+","18","GIL","GIL-S","GB/H+","Con","common milkweed",4,"N","Apocynaceae","X"
"18-GB/H+","18","GIL","GIL-N","GB/H+","Spr","common mullein",1,"E","Scrophulariaceae","O"
"15-GB/H+","15","LTR","LTR-E","GB/H+","SnS","corn speedwell",1,"E","Plantaginaceae","O"
"17-GB/H+","17","LTR","LTR-E","GB/H+","SnS","corn speedwell",1,"E","Plantaginaceae","O"
"14-GB/H+","14","GIL","GIL-S","GB/H+","Con","daisy fleabane",6,"N","Asteraceae","O"
"15-GB/H+","15","GIL","GIL-S","GB/H+","Con","daisy fleabane",100,"N","Asteraceae","O"
"16-GB/H+","16","GIL","GIL-S","GB/H+","Con","daisy fleabane",1,"N","Asteraceae","O"
"17-GB/H+","17","GIL","GIL-S","GB/H+","Con","daisy fleabane",116,"N","Asteraceae","O"
"18-GB/H+","18","GIL","GIL-S","GB/H+","Con","daisy fleabane",11,"N","Asteraceae","O"
"14-GB/H+","14","LTR","LTR-W","GB/H+","Con","daisy fleabane",13,"N","Asteraceae","O"
"15-GB/H+","15","LTR","LTR-W","GB/H+","Con","daisy fleabane",282,"N","Asteraceae","O"
"16-GB/H+","16","LTR","LTR-W","GB/H+","Con","daisy fleabane",33,"N","Asteraceae","O"
"17-GB/H+","17","LTR","LTR-W","GB/H+","Con","daisy fleabane",76,"N","Asteraceae","O"
"18-GB/H+","18","LTR","LTR-W","GB/H+","Con","daisy fleabane",321,"N","Asteraceae","O"
"15-GB/H+","15","PYW","PYW-S","GB/H+","Con","daisy fleabane",3,"N","Asteraceae","O"
"16-GB/H+","16","PYW","PYW-S","GB/H+","Con","daisy fleabane",6,"N","Asteraceae","O"
"17-GB/H+","17","PYW","PYW-S","GB/H+","Con","daisy fleabane",30,"N","Asteraceae","O"
"18-GB/H+","18","PYW","PYW-S","GB/H+","Con","daisy fleabane",4,"N","Asteraceae","O"
"14-GB/H+","14","GIL","GIL-C","GB/H+","SnS","daisy fleabane",3,"N","Asteraceae","O"
"15-GB/H+","15","GIL","GIL-C","GB/H+","SnS","daisy fleabane",66,"N","Asteraceae","O"
"16-GB/H+","16","GIL","GIL-C","GB/H+","SnS","daisy fleabane",759,"N","Asteraceae","O"
"17-GB/H+","17","GIL","GIL-C","GB/H+","SnS","daisy fleabane",369,"N","Asteraceae","O"
"18-GB/H+","18","GIL","GIL-C","GB/H+","SnS","daisy fleabane",34,"N","Asteraceae","O"
"14-GB/H+","14","LTR","LTR-E","GB/H+","SnS","daisy fleabane",8,"N","Asteraceae","O"
"15-GB/H+","15","LTR","LTR-E","GB/H+","SnS","daisy fleabane",138,"N","Asteraceae","O"
"16-GB/H+","16","LTR","LTR-E","GB/H+","SnS","daisy fleabane",529,"N","Asteraceae","O"
"17-GB/H+","17","LTR","LTR-E","GB/H+","SnS","daisy fleabane",455,"N","Asteraceae","O"
"18-GB/H+","18","LTR","LTR-E","GB/H+","SnS","daisy fleabane",196,"N","Asteraceae","O"
"15-GB/H+","15","PYW","PYW-N","GB/H+","SnS","daisy fleabane",1,"N","Asteraceae","O"
"16-GB/H+","16","PYW","PYW-N","GB/H+","SnS","daisy fleabane",570,"N","Asteraceae","O"
"17-GB/H+","17","PYW","PYW-N","GB/H+","SnS","daisy fleabane",230,"N","Asteraceae","O"
"18-GB/H+","18","PYW","PYW-N","GB/H+","SnS","daisy fleabane",53,"N","Asteraceae","O"
"14-GB/H+","14","GIL","GIL-N","GB/H+","Spr","daisy fleabane",1,"N","Asteraceae","O"
"15-GB/H+","15","GIL","GIL-N","GB/H+","Spr","daisy fleabane",1,"N","Asteraceae","O"
"16-GB/H+","16","GIL","GIL-N","GB/H+","Spr","daisy fleabane",895,"N","Asteraceae","O"
"17-GB/H+","17","GIL","GIL-N","GB/H+","Spr","daisy fleabane",681,"N","Asteraceae","O"
"14-GB/H+","14","LTR","LTR-C","GB/H+","Spr","daisy fleabane",15,"N","Asteraceae","O"
"15-GB/H+","15","LTR","LTR-C","GB/H+","Spr","daisy fleabane",68,"N","Asteraceae","O"
"16-GB/H+","16","LTR","LTR-C","GB/H+","Spr","daisy fleabane",606,"N","Asteraceae","O"
"17-GB/H+","17","LTR","LTR-C","GB/H+","Spr","daisy fleabane",876,"N","Asteraceae","O"
"18-GB/H+","18","LTR","LTR-C","GB/H+","Spr","daisy fleabane",163,"N","Asteraceae","O"
"16-GB/H+","16","PYW","PYW-C","GB/H+","Spr","daisy fleabane",358,"N","Asteraceae","O"
"17-GB/H+","17","PYW","PYW-C","GB/H+","Spr","daisy fleabane",304,"N","Asteraceae","O"
"18-GB/H+","18","PYW","PYW-C","GB/H+","Spr","daisy fleabane",46,"N","Asteraceae","O"
"17-GB/H+","17","GIL","GIL-C","GB/H+","SnS","dandelion",1,"N","Asteraceae","O"
"18-GB/H+","18","GIL","GIL-C","GB/H+","SnS","dandelion",1,"N","Asteraceae","O"
"14-GB/H+","14","LTR","LTR-E","GB/H+","SnS","dandelion",1,"N","Asteraceae","O"
"15-GB/H+","15","GIL","GIL-N","GB/H+","Spr","dandelion",1,"N","Asteraceae","O"
"18-GB/H+","18","GIL","GIL-N","GB/H+","Spr","dandelion",1,"N","Asteraceae","O"
"14-GB/H+","14","GIL","GIL-S","GB/H+","Con","deptford pink",18,"E","Caryophyllaceae","O"
"17-GB/H+","17","GIL","GIL-S","GB/H+","Con","deptford pink",35,"E","Caryophyllaceae","O"
"18-GB/H+","18","GIL","GIL-S","GB/H+","Con","deptford pink",43,"E","Caryophyllaceae","O"
"14-GB/H+","14","LTR","LTR-W","GB/H+","Con","deptford pink",11,"E","Caryophyllaceae","O"
"16-GB/H+","16","LTR","LTR-W","GB/H+","Con","deptford pink",3,"E","Caryophyllaceae","O"
"17-GB/H+","17","LTR","LTR-W","GB/H+","Con","deptford pink",7,"E","Caryophyllaceae","O"
"18-GB/H+","18","LTR","LTR-W","GB/H+","Con","deptford pink",35,"E","Caryophyllaceae","O"
"14-GB/H+","14","PYW","PYW-S","GB/H+","Con","deptford pink",54,"E","Caryophyllaceae","O"
"14-GB/H+","14","GIL","GIL-C","GB/H+","SnS","deptford pink",38,"E","Caryophyllaceae","O"
"16-GB/H+","16","GIL","GIL-C","GB/H+","SnS","deptford pink",96,"E","Caryophyllaceae","O"
"17-GB/H+","17","GIL","GIL-C","GB/H+","SnS","deptford pink",212,"E","Caryophyllaceae","O"
"18-GB/H+","18","GIL","GIL-C","GB/H+","SnS","deptford pink",32,"E","Caryophyllaceae","O"
"14-GB/H+","14","LTR","LTR-E","GB/H+","SnS","deptford pink",35,"E","Caryophyllaceae","O"
"16-GB/H+","16","LTR","LTR-E","GB/H+","SnS","deptford pink",214,"E","Caryophyllaceae","O"
"17-GB/H+","17","LTR","LTR-E","GB/H+","SnS","deptford pink",200,"E","Caryophyllaceae","O"
"18-GB/H+","18","LTR","LTR-E","GB/H+","SnS","deptford pink",49,"E","Caryophyllaceae","O"
"14-GB/H+","14","PYW","PYW-N","GB/H+","SnS","deptford pink",33,"E","Caryophyllaceae","O"
"16-GB/H+","16","PYW","PYW-N","GB/H+","SnS","deptford pink",98,"E","Caryophyllaceae","O"
"17-GB/H+","17","PYW","PYW-N","GB/H+","SnS","deptford pink",15,"E","Caryophyllaceae","O"
"14-GB/H+","14","GIL","GIL-N","GB/H+","Spr","deptford pink",57,"E","Caryophyllaceae","O"
"16-GB/H+","16","GIL","GIL-N","GB/H+","Spr","deptford pink",158,"E","Caryophyllaceae","O"
"17-GB/H+","17","GIL","GIL-N","GB/H+","Spr","deptford pink",137,"E","Caryophyllaceae","O"
"18-GB/H+","18","GIL","GIL-N","GB/H+","Spr","deptford pink",37,"E","Caryophyllaceae","O"
"14-GB/H+","14","LTR","LTR-C","GB/H+","Spr","deptford pink",65,"E","Caryophyllaceae","O"
"16-GB/H+","16","LTR","LTR-C","GB/H+","Spr","deptford pink",72,"E","Caryophyllaceae","O"
"17-GB/H+","17","LTR","LTR-C","GB/H+","Spr","deptford pink",124,"E","Caryophyllaceae","O"
"18-GB/H+","18","LTR","LTR-C","GB/H+","Spr","deptford pink",28,"E","Caryophyllaceae","O"
"14-GB/H+","14","PYW","PYW-C","GB/H+","Spr","deptford pink",43,"E","Caryophyllaceae","O"
"15-GB/H+","15","PYW","PYW-C","GB/H+","Spr","deptford pink",4,"E","Caryophyllaceae","O"
"16-GB/H+","16","PYW","PYW-C","GB/H+","Spr","deptford pink",200,"E","Caryophyllaceae","O"
"17-GB/H+","17","PYW","PYW-C","GB/H+","Spr","deptford pink",48,"E","Caryophyllaceae","O"
"18-GB/H+","18","PYW","PYW-C","GB/H+","Spr","deptford pink",1,"E","Caryophyllaceae","O"
"14-GB/H+","14","LTR","LTR-W","GB/H+","Con","field milkwort",1,"N","Polygalaceae","O"
"14-GB/H+","14","PYW","PYW-S","GB/H+","Con","field milkwort",12,"N","Polygalaceae","O"
"14-GB/H+","14","PYW","PYW-C","GB/H+","Spr","field milkwort",3,"N","Polygalaceae","O"
"14-GB/H+","14","GIL","GIL-S","GB/H+","Con","fieldcress",1,"E","Brassicaceae","O"
"18-GB/H+","18","GIL","GIL-C","GB/H+","SnS","fieldcress",3,"E","Brassicaceae","O"
"14-GB/H+","14","GIL","GIL-N","GB/H+","Spr","fieldcress",2,"E","Brassicaceae","O"
"17-GB/H+","17","PYW","PYW-C","GB/H+","Spr","fieldcress",6,"E","Brassicaceae","O"
"14-GB/H+","14","PYW","PYW-C","GB/H+","Spr","flowering spurge",1,"N","Euphorbiaceae","O"
"14-GB/H+","14","GIL","GIL-S","GB/H+","Con","germander",14,"N","Lamiaceae","X"
"15-GB/H+","15","GIL","GIL-S","GB/H+","Con","germander",33,"N","Lamiaceae","X"
"16-GB/H+","16","GIL","GIL-S","GB/H+","Con","germander",100,"N","Lamiaceae","X"
"17-GB/H+","17","GIL","GIL-S","GB/H+","Con","germander",66,"N","Lamiaceae","X"
"18-GB/H+","18","GIL","GIL-S","GB/H+","Con","germander",45,"N","Lamiaceae","X"
"14-GB/H+","14","LTR","LTR-W","GB/H+","Con","germander",1,"N","Lamiaceae","X"
"16-GB/H+","16","PYW","PYW-S","GB/H+","Con","germander",4,"N","Lamiaceae","X"
"18-GB/H+","18","PYW","PYW-S","GB/H+","Con","germander",3,"N","Lamiaceae","X"
"16-GB/H+","16","GIL","GIL-C","GB/H+","SnS","germander",3,"N","Lamiaceae","X"
"17-GB/H+","17","GIL","GIL-C","GB/H+","SnS","germander",48,"N","Lamiaceae","X"
"15-GB/H+","15","LTR","LTR-E","GB/H+","SnS","germander",1,"N","Lamiaceae","X"
"16-GB/H+","16","LTR","LTR-E","GB/H+","SnS","germander",1,"N","Lamiaceae","X"
"17-GB/H+","17","LTR","LTR-E","GB/H+","SnS","germander",22,"N","Lamiaceae","X"
"18-GB/H+","18","LTR","LTR-E","GB/H+","SnS","germander",19,"N","Lamiaceae","X"
"17-GB/H+","17","PYW","PYW-N","GB/H+","SnS","germander",7,"N","Lamiaceae","X"
"17-GB/H+","17","GIL","GIL-N","GB/H+","Spr","germander",6,"N","Lamiaceae","X"
"15-GB/H+","15","LTR","LTR-C","GB/H+","Spr","germander",6,"N","Lamiaceae","X"
"17-GB/H+","17","LTR","LTR-C","GB/H+","Spr","germander",19,"N","Lamiaceae","X"
"18-GB/H+","18","LTR","LTR-C","GB/H+","Spr","germander",4,"N","Lamiaceae","X"
"18-GB/H+","18","PYW","PYW-C","GB/H+","Spr","germander",5,"N","Lamiaceae","X"
"16-GB/H+","16","GIL","GIL-S","GB/H+","Con","grey-headed coneflower",3,"N","Asteraceae","X"
"18-GB/H+","18","GIL","GIL-S","GB/H+","Con","grey-headed coneflower",5,"N","Asteraceae","X"
"18-GB/H+","18","LTR","LTR-W","GB/H+","Con","grey-headed coneflower",3,"N","Asteraceae","X"
"17-GB/H+","17","GIL","GIL-C","GB/H+","SnS","grey-headed coneflower",4,"N","Asteraceae","X"
"18-GB/H+","18","GIL","GIL-C","GB/H+","SnS","grey-headed coneflower",6,"N","Asteraceae","X"
"17-GB/H+","17","LTR","LTR-E","GB/H+","SnS","grey-headed coneflower",5,"N","Asteraceae","X"
"18-GB/H+","18","LTR","LTR-E","GB/H+","SnS","grey-headed coneflower",90,"N","Asteraceae","X"
"16-GB/H+","16","PYW","PYW-N","GB/H+","SnS","grey-headed coneflower",4,"N","Asteraceae","X"
"17-GB/H+","17","PYW","PYW-N","GB/H+","SnS","grey-headed coneflower",13,"N","Asteraceae","X"
"18-GB/H+","18","PYW","PYW-N","GB/H+","SnS","grey-headed coneflower",55,"N","Asteraceae","X"
"17-GB/H+","17","GIL","GIL-N","GB/H+","Spr","grey-headed coneflower",3,"N","Asteraceae","X"
"18-GB/H+","18","LTR","LTR-C","GB/H+","Spr","grey-headed coneflower",6,"N","Asteraceae","X"
"15-GB/H+","15","PYW","PYW-C","GB/H+","Spr","grey-headed coneflower",3,"N","Asteraceae","X"
"16-GB/H+","16","PYW","PYW-C","GB/H+","Spr","grey-headed coneflower",11,"N","Asteraceae","X"
"18-GB/H+","18","PYW","PYW-C","GB/H+","Spr","grey-headed coneflower",64,"N","Asteraceae","X"
"16-GB/H+","16","PYW","PYW-N","GB/H+","SnS","grooved yellow flax",10,"N","Linaceae","O"
"17-GB/H+","17","LTR","LTR-C","GB/H+","Spr","grooved yellow flax",7,"N","Linaceae","O"
"18-GB/H+","18","PYW","PYW-S","GB/H+","Con","ground cherry",1,"N","Solanaceae","O"
"15-GB/H+","15","GIL","GIL-C","GB/H+","SnS","ground cherry",1,"N","Solanaceae","O"
"17-GB/H+","17","LTR","LTR-C","GB/H+","Spr","hairy mountain mint",34,"N","Lamiaceae","O"
"18-GB/H+","18","PYW","PYW-C","GB/H+","Spr","hawkweed",1,"E","Asteraceae","O"
"14-GB/H+","14","GIL","GIL-S","GB/H+","Con","hoary vervain",2,"N","Verbenaceae","O"
"15-GB/H+","15","GIL","GIL-S","GB/H+","Con","hoary vervain",6,"N","Verbenaceae","O"
"16-GB/H+","16","GIL","GIL-S","GB/H+","Con","hoary vervain",103,"N","Verbenaceae","O"
"17-GB/H+","17","GIL","GIL-S","GB/H+","Con","hoary vervain",8,"N","Verbenaceae","O"
"18-GB/H+","18","GIL","GIL-S","GB/H+","Con","hoary vervain",6,"N","Verbenaceae","O"
"14-GB/H+","14","LTR","LTR-W","GB/H+","Con","hoary vervain",2,"N","Verbenaceae","O"
"15-GB/H+","15","LTR","LTR-W","GB/H+","Con","hoary vervain",9,"N","Verbenaceae","O"
"16-GB/H+","16","LTR","LTR-W","GB/H+","Con","hoary vervain",23,"N","Verbenaceae","O"
"17-GB/H+","17","LTR","LTR-W","GB/H+","Con","hoary vervain",7,"N","Verbenaceae","O"
"18-GB/H+","18","LTR","LTR-W","GB/H+","Con","hoary vervain",1,"N","Verbenaceae","O"
"14-GB/H+","14","GIL","GIL-C","GB/H+","SnS","hoary vervain",8,"N","Verbenaceae","O"
"15-GB/H+","15","GIL","GIL-C","GB/H+","SnS","hoary vervain",22,"N","Verbenaceae","O"
"16-GB/H+","16","GIL","GIL-C","GB/H+","SnS","hoary vervain",453,"N","Verbenaceae","O"
"17-GB/H+","17","GIL","GIL-C","GB/H+","SnS","hoary vervain",132,"N","Verbenaceae","O"
"18-GB/H+","18","GIL","GIL-C","GB/H+","SnS","hoary vervain",6,"N","Verbenaceae","O"
"14-GB/H+","14","LTR","LTR-E","GB/H+","SnS","hoary vervain",7,"N","Verbenaceae","O"
"15-GB/H+","15","LTR","LTR-E","GB/H+","SnS","hoary vervain",80,"N","Verbenaceae","O"
"16-GB/H+","16","LTR","LTR-E","GB/H+","SnS","hoary vervain",399,"N","Verbenaceae","O"
"17-GB/H+","17","LTR","LTR-E","GB/H+","SnS","hoary vervain",57,"N","Verbenaceae","O"
"18-GB/H+","18","LTR","LTR-E","GB/H+","SnS","hoary vervain",14,"N","Verbenaceae","O"
"14-GB/H+","14","PYW","PYW-N","GB/H+","SnS","hoary vervain",1,"N","Verbenaceae","O"
"16-GB/H+","16","PYW","PYW-N","GB/H+","SnS","hoary vervain",2,"N","Verbenaceae","O"
"15-GB/H+","15","GIL","GIL-N","GB/H+","Spr","hoary vervain",1,"N","Verbenaceae","O"
"16-GB/H+","16","GIL","GIL-N","GB/H+","Spr","hoary vervain",32,"N","Verbenaceae","O"
"17-GB/H+","17","GIL","GIL-N","GB/H+","Spr","hoary vervain",5,"N","Verbenaceae","O"
"18-GB/H+","18","GIL","GIL-N","GB/H+","Spr","hoary vervain",4,"N","Verbenaceae","O"
"14-GB/H+","14","LTR","LTR-C","GB/H+","Spr","hoary vervain",2,"N","Verbenaceae","O"
"15-GB/H+","15","LTR","LTR-C","GB/H+","Spr","hoary vervain",116,"N","Verbenaceae","O"
"16-GB/H+","16","LTR","LTR-C","GB/H+","Spr","hoary vervain",61,"N","Verbenaceae","O"
"17-GB/H+","17","LTR","LTR-C","GB/H+","Spr","hoary vervain",2,"N","Verbenaceae","O"
"16-GB/H+","16","PYW","PYW-C","GB/H+","Spr","hoary vervain",3,"N","Verbenaceae","O"
"18-GB/H+","18","PYW","PYW-C","GB/H+","Spr","hoary vervain",1,"N","Verbenaceae","O"
"14-GB/H+","14","GIL","GIL-S","GB/H+","Con","horsenettle",2,"N","Solanaceae","O"
"15-GB/H+","15","GIL","GIL-S","GB/H+","Con","horsenettle",3,"N","Solanaceae","O"
"16-GB/H+","16","GIL","GIL-S","GB/H+","Con","horsenettle",39,"N","Solanaceae","O"
"17-GB/H+","17","GIL","GIL-S","GB/H+","Con","horsenettle",3,"N","Solanaceae","O"
"18-GB/H+","18","GIL","GIL-S","GB/H+","Con","horsenettle",12,"N","Solanaceae","O"
"14-GB/H+","14","LTR","LTR-W","GB/H+","Con","horsenettle",1,"N","Solanaceae","O"
"15-GB/H+","15","LTR","LTR-W","GB/H+","Con","horsenettle",1,"N","Solanaceae","O"
"16-GB/H+","16","LTR","LTR-W","GB/H+","Con","horsenettle",1,"N","Solanaceae","O"
"17-GB/H+","17","LTR","LTR-W","GB/H+","Con","horsenettle",8,"N","Solanaceae","O"
"18-GB/H+","18","LTR","LTR-W","GB/H+","Con","horsenettle",5,"N","Solanaceae","O"
"16-GB/H+","16","PYW","PYW-S","GB/H+","Con","horsenettle",2,"N","Solanaceae","O"
"17-GB/H+","17","PYW","PYW-S","GB/H+","Con","horsenettle",4,"N","Solanaceae","O"
"18-GB/H+","18","PYW","PYW-S","GB/H+","Con","horsenettle",31,"N","Solanaceae","O"
"14-GB/H+","14","GIL","GIL-C","GB/H+","SnS","horsenettle",5,"N","Solanaceae","O"
"15-GB/H+","15","GIL","GIL-C","GB/H+","SnS","horsenettle",17,"N","Solanaceae","O"
"16-GB/H+","16","GIL","GIL-C","GB/H+","SnS","horsenettle",2,"N","Solanaceae","O"
"17-GB/H+","17","GIL","GIL-C","GB/H+","SnS","horsenettle",2,"N","Solanaceae","O"
"18-GB/H+","18","GIL","GIL-C","GB/H+","SnS","horsenettle",3,"N","Solanaceae","O"
"14-GB/H+","14","LTR","LTR-E","GB/H+","SnS","horsenettle",4,"N","Solanaceae","O"
"15-GB/H+","15","LTR","LTR-E","GB/H+","SnS","horsenettle",17,"N","Solanaceae","O"
"16-GB/H+","16","LTR","LTR-E","GB/H+","SnS","horsenettle",18,"N","Solanaceae","O"
"17-GB/H+","17","LTR","LTR-E","GB/H+","SnS","horsenettle",6,"N","Solanaceae","O"
"18-GB/H+","18","LTR","LTR-E","GB/H+","SnS","horsenettle",6,"N","Solanaceae","O"
"15-GB/H+","15","PYW","PYW-N","GB/H+","SnS","horsenettle",1,"N","Solanaceae","O"
"17-GB/H+","17","PYW","PYW-N","GB/H+","SnS","horsenettle",1,"N","Solanaceae","O"
"18-GB/H+","18","PYW","PYW-N","GB/H+","SnS","horsenettle",2,"N","Solanaceae","O"
"14-GB/H+","14","GIL","GIL-N","GB/H+","Spr","horsenettle",4,"N","Solanaceae","O"
"15-GB/H+","15","GIL","GIL-N","GB/H+","Spr","horsenettle",3,"N","Solanaceae","O"
"17-GB/H+","17","GIL","GIL-N","GB/H+","Spr","horsenettle",4,"N","Solanaceae","O"
"18-GB/H+","18","GIL","GIL-N","GB/H+","Spr","horsenettle",15,"N","Solanaceae","O"
"15-GB/H+","15","LTR","LTR-C","GB/H+","Spr","horsenettle",5,"N","Solanaceae","O"
"16-GB/H+","16","LTR","LTR-C","GB/H+","Spr","horsenettle",8,"N","Solanaceae","O"
"17-GB/H+","17","LTR","LTR-C","GB/H+","Spr","horsenettle",4,"N","Solanaceae","O"
"16-GB/H+","16","PYW","PYW-C","GB/H+","Spr","horsenettle",1,"N","Solanaceae","O"
"17-GB/H+","17","PYW","PYW-C","GB/H+","Spr","horsenettle",2,"N","Solanaceae","O"
"18-GB/H+","18","PYW","PYW-C","GB/H+","Spr","horsenettle",9,"N","Solanaceae","O"
"15-GB/H+","15","GIL","GIL-S","GB/H+","Con","ironweed",6,"N","Asteraceae","X"
"16-GB/H+","16","GIL","GIL-S","GB/H+","Con","ironweed",235,"N","Asteraceae","X"
"17-GB/H+","17","GIL","GIL-S","GB/H+","Con","ironweed",49,"N","Asteraceae","X"
"18-GB/H+","18","GIL","GIL-S","GB/H+","Con","ironweed",24,"N","Asteraceae","X"
"15-GB/H+","15","LTR","LTR-W","GB/H+","Con","ironweed",8,"N","Asteraceae","X"
"16-GB/H+","16","LTR","LTR-W","GB/H+","Con","ironweed",6,"N","Asteraceae","X"
"17-GB/H+","17","LTR","LTR-W","GB/H+","Con","ironweed",20,"N","Asteraceae","X"
"18-GB/H+","18","LTR","LTR-W","GB/H+","Con","ironweed",23,"N","Asteraceae","X"
"16-GB/H+","16","PYW","PYW-S","GB/H+","Con","ironweed",4,"N","Asteraceae","X"
"18-GB/H+","18","PYW","PYW-S","GB/H+","Con","ironweed",8,"N","Asteraceae","X"
"16-GB/H+","16","GIL","GIL-C","GB/H+","SnS","ironweed",9,"N","Asteraceae","X"
"17-GB/H+","17","GIL","GIL-C","GB/H+","SnS","ironweed",46,"N","Asteraceae","X"
"18-GB/H+","18","GIL","GIL-C","GB/H+","SnS","ironweed",4,"N","Asteraceae","X"
"15-GB/H+","15","LTR","LTR-E","GB/H+","SnS","ironweed",37,"N","Asteraceae","X"
"16-GB/H+","16","LTR","LTR-E","GB/H+","SnS","ironweed",199,"N","Asteraceae","X"
"17-GB/H+","17","LTR","LTR-E","GB/H+","SnS","ironweed",319,"N","Asteraceae","X"
"18-GB/H+","18","LTR","LTR-E","GB/H+","SnS","ironweed",85,"N","Asteraceae","X"
"15-GB/H+","15","PYW","PYW-N","GB/H+","SnS","ironweed",2,"N","Asteraceae","X"
"16-GB/H+","16","PYW","PYW-N","GB/H+","SnS","ironweed",1,"N","Asteraceae","X"
"18-GB/H+","18","PYW","PYW-N","GB/H+","SnS","ironweed",5,"N","Asteraceae","X"
"14-GB/H+","14","GIL","GIL-N","GB/H+","Spr","ironweed",1,"N","Asteraceae","X"
"16-GB/H+","16","GIL","GIL-N","GB/H+","Spr","ironweed",3,"N","Asteraceae","X"
"18-GB/H+","18","GIL","GIL-N","GB/H+","Spr","ironweed",33,"N","Asteraceae","X"
"15-GB/H+","15","LTR","LTR-C","GB/H+","Spr","ironweed",14,"N","Asteraceae","X"
"16-GB/H+","16","LTR","LTR-C","GB/H+","Spr","ironweed",5,"N","Asteraceae","X"
"17-GB/H+","17","LTR","LTR-C","GB/H+","Spr","ironweed",54,"N","Asteraceae","X"
"18-GB/H+","18","LTR","LTR-C","GB/H+","Spr","ironweed",66,"N","Asteraceae","X"
"15-GB/H+","15","PYW","PYW-C","GB/H+","Spr","ironweed",5,"N","Asteraceae","X"
"18-GB/H+","18","PYW","PYW-C","GB/H+","Spr","ironweed",24,"N","Asteraceae","X"
"14-GB/H+","14","PYW","PYW-S","GB/H+","Con","morning glory",1,"E","Convolvulaceae","O"
"18-GB/H+","18","PYW","PYW-S","GB/H+","Con","morning glory",1,"E","Convolvulaceae","O"
"14-GB/H+","14","LTR","LTR-E","GB/H+","SnS","moth mullein",1,"N","Scrophulariaceae","O"
"17-GB/H+","17","LTR","LTR-E","GB/H+","SnS","moth mullein",5,"N","Scrophulariaceae","O"
"16-GB/H+","16","PYW","PYW-S","GB/H+","Con","multiflora rose",1,"E","Rosaceae","O"
"17-GB/H+","17","GIL","GIL-C","GB/H+","SnS","multiflora rose",120,"E","Rosaceae","O"
"18-GB/H+","18","GIL","GIL-N","GB/H+","Spr","multiflora rose",68,"E","Rosaceae","O"
"17-GB/H+","17","PYW","PYW-C","GB/H+","Spr","multiflora rose",12,"E","Rosaceae","O"
"16-GB/H+","16","LTR","LTR-E","GB/H+","SnS","musk thistle",1,"E","Asteraceae","O"
"14-GB/H+","14","PYW","PYW-S","GB/H+","Con","oxeye daisy",10,"E","Asteraceae","O"
"15-GB/H+","15","PYW","PYW-S","GB/H+","Con","oxeye daisy",2,"E","Asteraceae","O"
"16-GB/H+","16","PYW","PYW-S","GB/H+","Con","oxeye daisy",14,"E","Asteraceae","O"
"17-GB/H+","17","PYW","PYW-S","GB/H+","Con","oxeye daisy",47,"E","Asteraceae","O"
"18-GB/H+","18","PYW","PYW-S","GB/H+","Con","oxeye daisy",16,"E","Asteraceae","O"
"14-GB/H+","14","PYW","PYW-N","GB/H+","SnS","oxeye daisy",23,"E","Asteraceae","O"
"15-GB/H+","15","PYW","PYW-N","GB/H+","SnS","oxeye daisy",1,"E","Asteraceae","O"
"16-GB/H+","16","PYW","PYW-N","GB/H+","SnS","oxeye daisy",1429,"E","Asteraceae","O"
"17-GB/H+","17","PYW","PYW-N","GB/H+","SnS","oxeye daisy",201,"E","Asteraceae","O"
"18-GB/H+","18","PYW","PYW-N","GB/H+","SnS","oxeye daisy",11,"E","Asteraceae","O"
"14-GB/H+","14","PYW","PYW-C","GB/H+","Spr","oxeye daisy",13,"E","Asteraceae","O"
"16-GB/H+","16","PYW","PYW-C","GB/H+","Spr","oxeye daisy",663,"E","Asteraceae","O"
"17-GB/H+","17","PYW","PYW-C","GB/H+","Spr","oxeye daisy",600,"E","Asteraceae","O"
"18-GB/H+","18","PYW","PYW-C","GB/H+","Spr","oxeye daisy",12,"E","Asteraceae","O"
"17-GB/H+","17","LTR","LTR-W","GB/H+","Con","pale spike lobelia",1,"N","Campanulaceae","X"
"14-GB/H+","14","PYW","PYW-S","GB/H+","Con","pale spike lobelia",2,"N","Campanulaceae","X"
"15-GB/H+","15","PYW","PYW-S","GB/H+","Con","pale spike lobelia",12,"N","Campanulaceae","X"
"16-GB/H+","16","PYW","PYW-S","GB/H+","Con","pale spike lobelia",43,"N","Campanulaceae","X"
"17-GB/H+","17","PYW","PYW-S","GB/H+","Con","pale spike lobelia",2,"N","Campanulaceae","X"
"18-GB/H+","18","PYW","PYW-S","GB/H+","Con","pale spike lobelia",8,"N","Campanulaceae","X"
"14-GB/H+","14","PYW","PYW-N","GB/H+","SnS","pale spike lobelia",2,"N","Campanulaceae","X"
"15-GB/H+","15","PYW","PYW-N","GB/H+","SnS","pale spike lobelia",28,"N","Campanulaceae","X"
"16-GB/H+","16","PYW","PYW-N","GB/H+","SnS","pale spike lobelia",36,"N","Campanulaceae","X"
"18-GB/H+","18","PYW","PYW-N","GB/H+","SnS","pale spike lobelia",28,"N","Campanulaceae","X"
"14-GB/H+","14","LTR","LTR-C","GB/H+","Spr","pale spike lobelia",1,"N","Campanulaceae","X"
"16-GB/H+","16","LTR","LTR-C","GB/H+","Spr","pale spike lobelia",17,"N","Campanulaceae","X"
"18-GB/H+","18","LTR","LTR-C","GB/H+","Spr","pale spike lobelia",12,"N","Campanulaceae","X"
"15-GB/H+","15","PYW","PYW-C","GB/H+","Spr","pale spike lobelia",5,"N","Campanulaceae","X"
"16-GB/H+","16","PYW","PYW-C","GB/H+","Spr","pale spike lobelia",3,"N","Campanulaceae","X"
"18-GB/H+","18","PYW","PYW-C","GB/H+","Spr","pale spike lobelia",16,"N","Campanulaceae","X"
"14-GB/H+","14","PYW","PYW-S","GB/H+","Con","partridge pea",1,"N","Fabaceae","O"
"16-GB/H+","16","LTR","LTR-E","GB/H+","SnS","partridge pea",9,"N","Fabaceae","O"
"15-GB/H+","15","LTR","LTR-C","GB/H+","Spr","partridge pea",5,"N","Fabaceae","O"
"16-GB/H+","16","LTR","LTR-C","GB/H+","Spr","partridge pea",11,"N","Fabaceae","O"
"17-GB/H+","17","LTR","LTR-C","GB/H+","Spr","partridge pea",7,"N","Fabaceae","O"
"15-GB/H+","15","PYW","PYW-C","GB/H+","Spr","partridge pea",20,"N","Fabaceae","O"
"15-GB/H+","15","PYW","PYW-S","GB/H+","Con","prairie cinquefoil",1,"N","Rosaceae","X"
"16-GB/H+","16","PYW","PYW-S","GB/H+","Con","prairie cinquefoil",2,"N","Rosaceae","X"
"16-GB/H+","16","GIL","GIL-C","GB/H+","SnS","prairie cinquefoil",1,"N","Rosaceae","X"
"17-GB/H+","17","GIL","GIL-C","GB/H+","SnS","prairie cinquefoil",1,"N","Rosaceae","X"
"17-GB/H+","17","GIL","GIL-N","GB/H+","Spr","prairie cinquefoil",5,"N","Rosaceae","X"
"15-GB/H+","15","GIL","GIL-S","GB/H+","Con","prairie petunia",2,"N","Acanthaceae","X"
"17-GB/H+","17","GIL","GIL-S","GB/H+","Con","prairie petunia",3,"N","Acanthaceae","X"
"18-GB/H+","18","GIL","GIL-S","GB/H+","Con","prairie petunia",4,"N","Acanthaceae","X"
"14-GB/H+","14","LTR","LTR-W","GB/H+","Con","prairie petunia",14,"N","Acanthaceae","X"
"15-GB/H+","15","LTR","LTR-W","GB/H+","Con","prairie petunia",11,"N","Acanthaceae","X"
"16-GB/H+","16","LTR","LTR-W","GB/H+","Con","prairie petunia",5,"N","Acanthaceae","X"
"17-GB/H+","17","LTR","LTR-W","GB/H+","Con","prairie petunia",8,"N","Acanthaceae","X"
"18-GB/H+","18","LTR","LTR-W","GB/H+","Con","prairie petunia",8,"N","Acanthaceae","X"
"14-GB/H+","14","PYW","PYW-S","GB/H+","Con","prairie petunia",11,"N","Acanthaceae","X"
"15-GB/H+","15","PYW","PYW-S","GB/H+","Con","prairie petunia",16,"N","Acanthaceae","X"
"17-GB/H+","17","PYW","PYW-S","GB/H+","Con","prairie petunia",3,"N","Acanthaceae","X"
"18-GB/H+","18","PYW","PYW-S","GB/H+","Con","prairie petunia",138,"N","Acanthaceae","X"
"14-GB/H+","14","GIL","GIL-C","GB/H+","SnS","prairie petunia",1,"N","Acanthaceae","X"
"16-GB/H+","16","GIL","GIL-C","GB/H+","SnS","prairie petunia",1,"N","Acanthaceae","X"
"14-GB/H+","14","LTR","LTR-E","GB/H+","SnS","prairie petunia",14,"N","Acanthaceae","X"
"15-GB/H+","15","LTR","LTR-E","GB/H+","SnS","prairie petunia",8,"N","Acanthaceae","X"
"16-GB/H+","16","LTR","LTR-E","GB/H+","SnS","prairie petunia",9,"N","Acanthaceae","X"
"17-GB/H+","17","LTR","LTR-E","GB/H+","SnS","prairie petunia",17,"N","Acanthaceae","X"
"18-GB/H+","18","LTR","LTR-E","GB/H+","SnS","prairie petunia",11,"N","Acanthaceae","X"
"14-GB/H+","14","PYW","PYW-N","GB/H+","SnS","prairie petunia",8,"N","Acanthaceae","X"
"15-GB/H+","15","PYW","PYW-N","GB/H+","SnS","prairie petunia",19,"N","Acanthaceae","X"
"16-GB/H+","16","PYW","PYW-N","GB/H+","SnS","prairie petunia",16,"N","Acanthaceae","X"
"17-GB/H+","17","PYW","PYW-N","GB/H+","SnS","prairie petunia",15,"N","Acanthaceae","X"
"18-GB/H+","18","PYW","PYW-N","GB/H+","SnS","prairie petunia",69,"N","Acanthaceae","X"
"17-GB/H+","17","GIL","GIL-N","GB/H+","Spr","prairie petunia",4,"N","Acanthaceae","X"
"14-GB/H+","14","LTR","LTR-C","GB/H+","Spr","prairie petunia",32,"N","Acanthaceae","X"
"15-GB/H+","15","LTR","LTR-C","GB/H+","Spr","prairie petunia",23,"N","Acanthaceae","X"
"17-GB/H+","17","LTR","LTR-C","GB/H+","Spr","prairie petunia",22,"N","Acanthaceae","X"
"18-GB/H+","18","LTR","LTR-C","GB/H+","Spr","prairie petunia",7,"N","Acanthaceae","X"
"14-GB/H+","14","PYW","PYW-C","GB/H+","Spr","prairie petunia",26,"N","Acanthaceae","X"
"15-GB/H+","15","PYW","PYW-C","GB/H+","Spr","prairie petunia",34,"N","Acanthaceae","X"
"16-GB/H+","16","PYW","PYW-C","GB/H+","Spr","prairie petunia",11,"N","Acanthaceae","X"
"17-GB/H+","17","PYW","PYW-C","GB/H+","Spr","prairie petunia",24,"N","Acanthaceae","X"
"18-GB/H+","18","PYW","PYW-C","GB/H+","Spr","prairie petunia",98,"N","Acanthaceae","X"
"15-GB/H+","15","LTR","LTR-W","GB/H+","Con","prairie rose",1,"N","Rosaceae","O"
"14-GB/H+","14","GIL","GIL-S","GB/H+","Con","queen anne's lace",77,"E","Apiaceae","O"
"15-GB/H+","15","GIL","GIL-S","GB/H+","Con","queen anne's lace",12,"E","Apiaceae","O"
"16-GB/H+","16","GIL","GIL-S","GB/H+","Con","queen anne's lace",141,"E","Apiaceae","O"
"17-GB/H+","17","GIL","GIL-S","GB/H+","Con","queen anne's lace",118,"E","Apiaceae","O"
"18-GB/H+","18","GIL","GIL-S","GB/H+","Con","queen anne's lace",40,"E","Apiaceae","O"
"15-GB/H+","15","LTR","LTR-W","GB/H+","Con","queen anne's lace",41,"E","Apiaceae","O"
"16-GB/H+","16","LTR","LTR-W","GB/H+","Con","queen anne's lace",85,"E","Apiaceae","O"
"17-GB/H+","17","LTR","LTR-W","GB/H+","Con","queen anne's lace",129,"E","Apiaceae","O"
"18-GB/H+","18","LTR","LTR-W","GB/H+","Con","queen anne's lace",71,"E","Apiaceae","O"
"15-GB/H+","15","PYW","PYW-S","GB/H+","Con","queen anne's lace",26,"E","Apiaceae","O"
"16-GB/H+","16","PYW","PYW-S","GB/H+","Con","queen anne's lace",46,"E","Apiaceae","O"
"17-GB/H+","17","PYW","PYW-S","GB/H+","Con","queen anne's lace",60,"E","Apiaceae","O"
"18-GB/H+","18","PYW","PYW-S","GB/H+","Con","queen anne's lace",17,"E","Apiaceae","O"
"14-GB/H+","14","GIL","GIL-C","GB/H+","SnS","queen anne's lace",2,"E","Apiaceae","O"
"15-GB/H+","15","GIL","GIL-C","GB/H+","SnS","queen anne's lace",6,"E","Apiaceae","O"
"16-GB/H+","16","GIL","GIL-C","GB/H+","SnS","queen anne's lace",228,"E","Apiaceae","O"
"17-GB/H+","17","GIL","GIL-C","GB/H+","SnS","queen anne's lace",46,"E","Apiaceae","O"
"18-GB/H+","18","GIL","GIL-C","GB/H+","SnS","queen anne's lace",52,"E","Apiaceae","O"
"14-GB/H+","14","LTR","LTR-E","GB/H+","SnS","queen anne's lace",2,"E","Apiaceae","O"
"15-GB/H+","15","LTR","LTR-E","GB/H+","SnS","queen anne's lace",137,"E","Apiaceae","O"
"16-GB/H+","16","LTR","LTR-E","GB/H+","SnS","queen anne's lace",332,"E","Apiaceae","O"
"17-GB/H+","17","LTR","LTR-E","GB/H+","SnS","queen anne's lace",1178,"E","Apiaceae","O"
"18-GB/H+","18","LTR","LTR-E","GB/H+","SnS","queen anne's lace",435,"E","Apiaceae","O"
"15-GB/H+","15","PYW","PYW-N","GB/H+","SnS","queen anne's lace",59,"E","Apiaceae","O"
"16-GB/H+","16","PYW","PYW-N","GB/H+","SnS","queen anne's lace",164,"E","Apiaceae","O"
"17-GB/H+","17","PYW","PYW-N","GB/H+","SnS","queen anne's lace",31,"E","Apiaceae","O"
"18-GB/H+","18","PYW","PYW-N","GB/H+","SnS","queen anne's lace",53,"E","Apiaceae","O"
"14-GB/H+","14","GIL","GIL-N","GB/H+","Spr","queen anne's lace",8,"E","Apiaceae","O"
"16-GB/H+","16","GIL","GIL-N","GB/H+","Spr","queen anne's lace",216,"E","Apiaceae","O"
"17-GB/H+","17","GIL","GIL-N","GB/H+","Spr","queen anne's lace",116,"E","Apiaceae","O"
"18-GB/H+","18","GIL","GIL-N","GB/H+","Spr","queen anne's lace",168,"E","Apiaceae","O"
"15-GB/H+","15","LTR","LTR-C","GB/H+","Spr","queen anne's lace",2,"E","Apiaceae","O"
"16-GB/H+","16","LTR","LTR-C","GB/H+","Spr","queen anne's lace",191,"E","Apiaceae","O"
"17-GB/H+","17","LTR","LTR-C","GB/H+","Spr","queen anne's lace",49,"E","Apiaceae","O"
"18-GB/H+","18","LTR","LTR-C","GB/H+","Spr","queen anne's lace",46,"E","Apiaceae","O"
"15-GB/H+","15","PYW","PYW-C","GB/H+","Spr","queen anne's lace",84,"E","Apiaceae","O"
"16-GB/H+","16","PYW","PYW-C","GB/H+","Spr","queen anne's lace",317,"E","Apiaceae","O"
"17-GB/H+","17","PYW","PYW-C","GB/H+","Spr","queen anne's lace",24,"E","Apiaceae","O"
"18-GB/H+","18","PYW","PYW-C","GB/H+","Spr","queen anne's lace",66,"E","Apiaceae","O"
"16-GB/H+","16","LTR","LTR-C","GB/H+","Spr","rapeseed",1,"E","Brassicaceae","O"
"14-GB/H+","14","GIL","GIL-S","GB/H+","Con","red clover",49,"E","Fabaceae","O"
"15-GB/H+","15","GIL","GIL-S","GB/H+","Con","red clover",24,"E","Fabaceae","O"
"16-GB/H+","16","GIL","GIL-S","GB/H+","Con","red clover",60,"E","Fabaceae","O"
"17-GB/H+","17","GIL","GIL-S","GB/H+","Con","red clover",437,"E","Fabaceae","O"
"18-GB/H+","18","GIL","GIL-S","GB/H+","Con","red clover",179,"E","Fabaceae","O"
"14-GB/H+","14","LTR","LTR-W","GB/H+","Con","red clover",1,"E","Fabaceae","O"
"15-GB/H+","15","LTR","LTR-W","GB/H+","Con","red clover",26,"E","Fabaceae","O"
"17-GB/H+","17","LTR","LTR-W","GB/H+","Con","red clover",25,"E","Fabaceae","O"
"18-GB/H+","18","LTR","LTR-W","GB/H+","Con","red clover",1,"E","Fabaceae","O"
"14-GB/H+","14","PYW","PYW-S","GB/H+","Con","red clover",420,"E","Fabaceae","O"
"15-GB/H+","15","PYW","PYW-S","GB/H+","Con","red clover",673,"E","Fabaceae","O"
"16-GB/H+","16","PYW","PYW-S","GB/H+","Con","red clover",537,"E","Fabaceae","O"
"17-GB/H+","17","PYW","PYW-S","GB/H+","Con","red clover",381,"E","Fabaceae","O"
"18-GB/H+","18","PYW","PYW-S","GB/H+","Con","red clover",674,"E","Fabaceae","O"
"14-GB/H+","14","GIL","GIL-C","GB/H+","SnS","red clover",17,"E","Fabaceae","O"
"16-GB/H+","16","GIL","GIL-C","GB/H+","SnS","red clover",15,"E","Fabaceae","O"
"17-GB/H+","17","GIL","GIL-C","GB/H+","SnS","red clover",34,"E","Fabaceae","O"
"18-GB/H+","18","GIL","GIL-C","GB/H+","SnS","red clover",7,"E","Fabaceae","O"
"14-GB/H+","14","LTR","LTR-E","GB/H+","SnS","red clover",41,"E","Fabaceae","O"
"15-GB/H+","15","LTR","LTR-E","GB/H+","SnS","red clover",47,"E","Fabaceae","O"
"16-GB/H+","16","LTR","LTR-E","GB/H+","SnS","red clover",49,"E","Fabaceae","O"
"17-GB/H+","17","LTR","LTR-E","GB/H+","SnS","red clover",439,"E","Fabaceae","O"
"18-GB/H+","18","LTR","LTR-E","GB/H+","SnS","red clover",277,"E","Fabaceae","O"
"14-GB/H+","14","PYW","PYW-N","GB/H+","SnS","red clover",56,"E","Fabaceae","O"
"15-GB/H+","15","PYW","PYW-N","GB/H+","SnS","red clover",51,"E","Fabaceae","O"
"16-GB/H+","16","PYW","PYW-N","GB/H+","SnS","red clover",351,"E","Fabaceae","O"
"17-GB/H+","17","PYW","PYW-N","GB/H+","SnS","red clover",311,"E","Fabaceae","O"
"18-GB/H+","18","PYW","PYW-N","GB/H+","SnS","red clover",155,"E","Fabaceae","O"
"14-GB/H+","14","GIL","GIL-N","GB/H+","Spr","red clover",32,"E","Fabaceae","O"
"15-GB/H+","15","GIL","GIL-N","GB/H+","Spr","red clover",2,"E","Fabaceae","O"
"16-GB/H+","16","GIL","GIL-N","GB/H+","Spr","red clover",40,"E","Fabaceae","O"
"17-GB/H+","17","GIL","GIL-N","GB/H+","Spr","red clover",62,"E","Fabaceae","O"
"18-GB/H+","18","GIL","GIL-N","GB/H+","Spr","red clover",12,"E","Fabaceae","O"
"14-GB/H+","14","LTR","LTR-C","GB/H+","Spr","red clover",2,"E","Fabaceae","O"
"15-GB/H+","15","LTR","LTR-C","GB/H+","Spr","red clover",3,"E","Fabaceae","O"
"16-GB/H+","16","LTR","LTR-C","GB/H+","Spr","red clover",5,"E","Fabaceae","O"
"17-GB/H+","17","LTR","LTR-C","GB/H+","Spr","red clover",18,"E","Fabaceae","O"
"18-GB/H+","18","LTR","LTR-C","GB/H+","Spr","red clover",7,"E","Fabaceae","O"
"14-GB/H+","14","PYW","PYW-C","GB/H+","Spr","red clover",90,"E","Fabaceae","O"
"15-GB/H+","15","PYW","PYW-C","GB/H+","Spr","red clover",153,"E","Fabaceae","O"
"16-GB/H+","16","PYW","PYW-C","GB/H+","Spr","red clover",933,"E","Fabaceae","O"
"17-GB/H+","17","PYW","PYW-C","GB/H+","Spr","red clover",639,"E","Fabaceae","O"
"18-GB/H+","18","PYW","PYW-C","GB/H+","Spr","red clover",435,"E","Fabaceae","O"
"16-GB/H+","16","GIL","GIL-S","GB/H+","Con","ribwort plantain",1,"E","Plantaginaceae","O"
"17-GB/H+","17","GIL","GIL-S","GB/H+","Con","ribwort plantain",45,"E","Plantaginaceae","O"
"18-GB/H+","18","GIL","GIL-S","GB/H+","Con","ribwort plantain",153,"E","Plantaginaceae","O"
"16-GB/H+","16","LTR","LTR-W","GB/H+","Con","ribwort plantain",2,"E","Plantaginaceae","O"
"17-GB/H+","17","LTR","LTR-W","GB/H+","Con","ribwort plantain",4,"E","Plantaginaceae","O"
"18-GB/H+","18","LTR","LTR-W","GB/H+","Con","ribwort plantain",23,"E","Plantaginaceae","O"
"16-GB/H+","16","PYW","PYW-S","GB/H+","Con","ribwort plantain",5,"E","Plantaginaceae","O"
"18-GB/H+","18","PYW","PYW-S","GB/H+","Con","ribwort plantain",32,"E","Plantaginaceae","O"
"16-GB/H+","16","GIL","GIL-C","GB/H+","SnS","ribwort plantain",214,"E","Plantaginaceae","O"
"17-GB/H+","17","GIL","GIL-C","GB/H+","SnS","ribwort plantain",422,"E","Plantaginaceae","O"
"18-GB/H+","18","GIL","GIL-C","GB/H+","SnS","ribwort plantain",64,"E","Plantaginaceae","O"
"14-GB/H+","14","LTR","LTR-E","GB/H+","SnS","ribwort plantain",5,"E","Plantaginaceae","O"
"16-GB/H+","16","LTR","LTR-E","GB/H+","SnS","ribwort plantain",153,"E","Plantaginaceae","O"
"17-GB/H+","17","LTR","LTR-E","GB/H+","SnS","ribwort plantain",1200,"E","Plantaginaceae","O"
"18-GB/H+","18","LTR","LTR-E","GB/H+","SnS","ribwort plantain",47,"E","Plantaginaceae","O"
"17-GB/H+","17","PYW","PYW-N","GB/H+","SnS","ribwort plantain",25,"E","Plantaginaceae","O"
"16-GB/H+","16","GIL","GIL-N","GB/H+","Spr","ribwort plantain",730,"E","Plantaginaceae","O"
"17-GB/H+","17","GIL","GIL-N","GB/H+","Spr","ribwort plantain",1742,"E","Plantaginaceae","O"
"18-GB/H+","18","GIL","GIL-N","GB/H+","Spr","ribwort plantain",284,"E","Plantaginaceae","O"
"16-GB/H+","16","LTR","LTR-C","GB/H+","Spr","ribwort plantain",5,"E","Plantaginaceae","O"
"17-GB/H+","17","LTR","LTR-C","GB/H+","Spr","ribwort plantain",114,"E","Plantaginaceae","O"
"18-GB/H+","18","PYW","PYW-N","GB/H+","SnS","sawtooth sunflower",1,"N","Asteraceae","O"
"15-GB/H+","15","GIL","GIL-S","GB/H+","Con","self-heal",5,"N","Lamiaceae","O"
"16-GB/H+","16","GIL","GIL-S","GB/H+","Con","self-heal",6,"N","Lamiaceae","O"
"17-GB/H+","17","GIL","GIL-S","GB/H+","Con","self-heal",33,"N","Lamiaceae","O"
"15-GB/H+","15","LTR","LTR-W","GB/H+","Con","self-heal",7,"N","Lamiaceae","O"
"14-GB/H+","14","PYW","PYW-S","GB/H+","Con","self-heal",2,"N","Lamiaceae","O"
"15-GB/H+","15","PYW","PYW-S","GB/H+","Con","self-heal",5,"N","Lamiaceae","O"
"16-GB/H+","16","PYW","PYW-S","GB/H+","Con","self-heal",25,"N","Lamiaceae","O"
"18-GB/H+","18","PYW","PYW-S","GB/H+","Con","self-heal",1,"N","Lamiaceae","O"
"16-GB/H+","16","GIL","GIL-C","GB/H+","SnS","self-heal",17,"N","Lamiaceae","O"
"17-GB/H+","17","GIL","GIL-C","GB/H+","SnS","self-heal",8,"N","Lamiaceae","O"
"18-GB/H+","18","GIL","GIL-C","GB/H+","SnS","self-heal",6,"N","Lamiaceae","O"
"16-GB/H+","16","LTR","LTR-E","GB/H+","SnS","self-heal",9,"N","Lamiaceae","O"
"17-GB/H+","17","LTR","LTR-E","GB/H+","SnS","self-heal",2,"N","Lamiaceae","O"
"16-GB/H+","16","PYW","PYW-N","GB/H+","SnS","self-heal",14,"N","Lamiaceae","O"
"17-GB/H+","17","PYW","PYW-N","GB/H+","SnS","self-heal",10,"N","Lamiaceae","O"
"18-GB/H+","18","PYW","PYW-N","GB/H+","SnS","self-heal",1,"N","Lamiaceae","O"
"16-GB/H+","16","GIL","GIL-N","GB/H+","Spr","self-heal",65,"N","Lamiaceae","O"
"17-GB/H+","17","GIL","GIL-N","GB/H+","Spr","self-heal",12,"N","Lamiaceae","O"
"18-GB/H+","18","GIL","GIL-N","GB/H+","Spr","self-heal",6,"N","Lamiaceae","O"
"16-GB/H+","16","LTR","LTR-C","GB/H+","Spr","self-heal",5,"N","Lamiaceae","O"
"17-GB/H+","17","LTR","LTR-C","GB/H+","Spr","self-heal",2,"N","Lamiaceae","O"
"16-GB/H+","16","PYW","PYW-C","GB/H+","Spr","self-heal",13,"N","Lamiaceae","O"
"17-GB/H+","17","PYW","PYW-C","GB/H+","Spr","self-heal",89,"N","Lamiaceae","O"
"18-GB/H+","18","PYW","PYW-C","GB/H+","Spr","self-heal",1,"N","Lamiaceae","O"
"17-GB/H+","17","LTR","LTR-C","GB/H+","Spr","showy tick trefoil",15,"N","Fabaceae","X"
"15-GB/H+","15","LTR","LTR-W","GB/H+","Con","slender mountain mint",9,"N","Lamiaceae","X"
"16-GB/H+","16","LTR","LTR-W","GB/H+","Con","slender mountain mint",55,"N","Lamiaceae","X"
"17-GB/H+","17","LTR","LTR-W","GB/H+","Con","slender mountain mint",119,"N","Lamiaceae","X"
"18-GB/H+","18","LTR","LTR-W","GB/H+","Con","slender mountain mint",143,"N","Lamiaceae","X"
"14-GB/H+","14","PYW","PYW-S","GB/H+","Con","slender mountain mint",4,"N","Lamiaceae","X"
"15-GB/H+","15","PYW","PYW-S","GB/H+","Con","slender mountain mint",57,"N","Lamiaceae","X"
"16-GB/H+","16","PYW","PYW-S","GB/H+","Con","slender mountain mint",495,"N","Lamiaceae","X"
"17-GB/H+","17","PYW","PYW-S","GB/H+","Con","slender mountain mint",195,"N","Lamiaceae","X"
"18-GB/H+","18","PYW","PYW-S","GB/H+","Con","slender mountain mint",377,"N","Lamiaceae","X"
"17-GB/H+","17","GIL","GIL-C","GB/H+","SnS","slender mountain mint",55,"N","Lamiaceae","X"
"18-GB/H+","18","GIL","GIL-C","GB/H+","SnS","slender mountain mint",45,"N","Lamiaceae","X"
"16-GB/H+","16","LTR","LTR-E","GB/H+","SnS","slender mountain mint",180,"N","Lamiaceae","X"
"17-GB/H+","17","LTR","LTR-E","GB/H+","SnS","slender mountain mint",5,"N","Lamiaceae","X"
"14-GB/H+","14","PYW","PYW-N","GB/H+","SnS","slender mountain mint",43,"N","Lamiaceae","X"
"15-GB/H+","15","PYW","PYW-N","GB/H+","SnS","slender mountain mint",237,"N","Lamiaceae","X"
"16-GB/H+","16","PYW","PYW-N","GB/H+","SnS","slender mountain mint",1668,"N","Lamiaceae","X"
"17-GB/H+","17","PYW","PYW-N","GB/H+","SnS","slender mountain mint",1133,"N","Lamiaceae","X"
"18-GB/H+","18","PYW","PYW-N","GB/H+","SnS","slender mountain mint",213,"N","Lamiaceae","X"
"17-GB/H+","17","GIL","GIL-N","GB/H+","Spr","slender mountain mint",3,"N","Lamiaceae","X"
"15-GB/H+","15","LTR","LTR-C","GB/H+","Spr","slender mountain mint",31,"N","Lamiaceae","X"
"16-GB/H+","16","LTR","LTR-C","GB/H+","Spr","slender mountain mint",3,"N","Lamiaceae","X"
"17-GB/H+","17","LTR","LTR-C","GB/H+","Spr","slender mountain mint",139,"N","Lamiaceae","X"
"18-GB/H+","18","LTR","LTR-C","GB/H+","Spr","slender mountain mint",99,"N","Lamiaceae","X"
"14-GB/H+","14","PYW","PYW-C","GB/H+","Spr","slender mountain mint",38,"N","Lamiaceae","X"
"15-GB/H+","15","PYW","PYW-C","GB/H+","Spr","slender mountain mint",316,"N","Lamiaceae","X"
"16-GB/H+","16","PYW","PYW-C","GB/H+","Spr","slender mountain mint",696,"N","Lamiaceae","X"
"17-GB/H+","17","PYW","PYW-C","GB/H+","Spr","slender mountain mint",352,"N","Lamiaceae","X"
"18-GB/H+","18","PYW","PYW-C","GB/H+","Spr","slender mountain mint",167,"N","Lamiaceae","X"
"18-GB/H+","18","LTR","LTR-W","GB/H+","Con","spotted st. john's wort",1,"N","Hypericaceae","X"
"17-GB/H+","17","PYW","PYW-C","GB/H+","Spr","spotted st. john's wort",22,"N","Hypericaceae","X"
"15-GB/H+","15","LTR","LTR-W","GB/H+","Con","st. john's wort",2,"E","Hypericaceae","O"
"17-GB/H+","17","LTR","LTR-W","GB/H+","Con","st. john's wort",1,"E","Hypericaceae","O"
"16-GB/H+","16","PYW","PYW-N","GB/H+","SnS","st. john's wort",3,"E","Hypericaceae","O"
"18-GB/H+","18","LTR","LTR-C","GB/H+","Spr","st. john's wort",8,"E","Hypericaceae","O"
"16-GB/H+","16","PYW","PYW-C","GB/H+","Spr","st. john's wort",18,"E","Hypericaceae","O"
"17-GB/H+","17","PYW","PYW-C","GB/H+","Spr","st. john's wort",10,"E","Hypericaceae","O"
"18-GB/H+","18","PYW","PYW-S","GB/H+","Con","sulfur cinquefoil",7,"E","Rosaceae","O"
"18-GB/H+","18","PYW","PYW-C","GB/H+","Spr","sulfur cinquefoil",51,"E","Rosaceae","O"
"17-GB/H+","17","LTR","LTR-C","GB/H+","Spr","swamp agrimony",1,"N","Rosaceae","O"
"16-GB/H+","16","GIL","GIL-S","GB/H+","Con","swamp vervain",57,"N","Verbenaceae","O"
"15-GB/H+","15","LTR","LTR-W","GB/H+","Con","swamp vervain",3,"N","Verbenaceae","O"
"16-GB/H+","16","LTR","LTR-W","GB/H+","Con","swamp vervain",130,"N","Verbenaceae","O"
"16-GB/H+","16","GIL","GIL-C","GB/H+","SnS","swamp vervain",58,"N","Verbenaceae","O"
"15-GB/H+","15","LTR","LTR-E","GB/H+","SnS","swamp vervain",1,"N","Verbenaceae","O"
"16-GB/H+","16","LTR","LTR-E","GB/H+","SnS","swamp vervain",429,"N","Verbenaceae","O"
"17-GB/H+","17","LTR","LTR-E","GB/H+","SnS","swamp vervain",14,"N","Verbenaceae","O"
"16-GB/H+","16","GIL","GIL-N","GB/H+","Spr","swamp vervain",5,"N","Verbenaceae","O"
"17-GB/H+","17","GIL","GIL-N","GB/H+","Spr","swamp vervain",2,"N","Verbenaceae","O"
"16-GB/H+","16","LTR","LTR-C","GB/H+","Spr","swamp vervain",2,"N","Verbenaceae","O"
"18-GB/H+","18","PYW","PYW-N","GB/H+","SnS","tall green milkweed",10,"N","Apocynaceae","O"
"16-GB/H+","16","PYW","PYW-C","GB/H+","Spr","tall green milkweed",3,"N","Apocynaceae","O"
"14-GB/H+","14","GIL","GIL-S","GB/H+","Con","white clover",332,"E","Fabaceae","O"
"15-GB/H+","15","GIL","GIL-S","GB/H+","Con","white clover",1256,"E","Fabaceae","O"
"16-GB/H+","16","GIL","GIL-S","GB/H+","Con","white clover",1123,"E","Fabaceae","O"
"17-GB/H+","17","GIL","GIL-S","GB/H+","Con","white clover",1045,"E","Fabaceae","O"
"18-GB/H+","18","GIL","GIL-S","GB/H+","Con","white clover",372,"E","Fabaceae","O"
"14-GB/H+","14","LTR","LTR-W","GB/H+","Con","white clover",677,"E","Fabaceae","O"
"15-GB/H+","15","LTR","LTR-W","GB/H+","Con","white clover",844,"E","Fabaceae","O"
"16-GB/H+","16","LTR","LTR-W","GB/H+","Con","white clover",1057,"E","Fabaceae","O"
"17-GB/H+","17","LTR","LTR-W","GB/H+","Con","white clover",380,"E","Fabaceae","O"
"18-GB/H+","18","LTR","LTR-W","GB/H+","Con","white clover",5,"E","Fabaceae","O"
"14-GB/H+","14","PYW","PYW-S","GB/H+","Con","white clover",66,"E","Fabaceae","O"
"15-GB/H+","15","PYW","PYW-S","GB/H+","Con","white clover",43,"E","Fabaceae","O"
"16-GB/H+","16","PYW","PYW-S","GB/H+","Con","white clover",12,"E","Fabaceae","O"
"17-GB/H+","17","PYW","PYW-S","GB/H+","Con","white clover",26,"E","Fabaceae","O"
"18-GB/H+","18","PYW","PYW-S","GB/H+","Con","white clover",12,"E","Fabaceae","O"
"14-GB/H+","14","GIL","GIL-C","GB/H+","SnS","white clover",189,"E","Fabaceae","O"
"15-GB/H+","15","GIL","GIL-C","GB/H+","SnS","white clover",240,"E","Fabaceae","O"
"16-GB/H+","16","GIL","GIL-C","GB/H+","SnS","white clover",2111,"E","Fabaceae","O"
"17-GB/H+","17","GIL","GIL-C","GB/H+","SnS","white clover",2727,"E","Fabaceae","O"
"18-GB/H+","18","GIL","GIL-C","GB/H+","SnS","white clover",52,"E","Fabaceae","O"
"14-GB/H+","14","LTR","LTR-E","GB/H+","SnS","white clover",749,"E","Fabaceae","O"
"15-GB/H+","15","LTR","LTR-E","GB/H+","SnS","white clover",1426,"E","Fabaceae","O"
"16-GB/H+","16","LTR","LTR-E","GB/H+","SnS","white clover",3644,"E","Fabaceae","O"
"17-GB/H+","17","LTR","LTR-E","GB/H+","SnS","white clover",1107,"E","Fabaceae","O"
"18-GB/H+","18","LTR","LTR-E","GB/H+","SnS","white clover",15,"E","Fabaceae","O"
"14-GB/H+","14","PYW","PYW-N","GB/H+","SnS","white clover",17,"E","Fabaceae","O"
"15-GB/H+","15","PYW","PYW-N","GB/H+","SnS","white clover",4,"E","Fabaceae","O"
"16-GB/H+","16","PYW","PYW-N","GB/H+","SnS","white clover",29,"E","Fabaceae","O"
"17-GB/H+","17","PYW","PYW-N","GB/H+","SnS","white clover",59,"E","Fabaceae","O"
"18-GB/H+","18","PYW","PYW-N","GB/H+","SnS","white clover",3,"E","Fabaceae","O"
"14-GB/H+","14","GIL","GIL-N","GB/H+","Spr","white clover",492,"E","Fabaceae","O"
"15-GB/H+","15","GIL","GIL-N","GB/H+","Spr","white clover",149,"E","Fabaceae","O"
"16-GB/H+","16","GIL","GIL-N","GB/H+","Spr","white clover",2445,"E","Fabaceae","O"
"17-GB/H+","17","GIL","GIL-N","GB/H+","Spr","white clover",2393,"E","Fabaceae","O"
"18-GB/H+","18","GIL","GIL-N","GB/H+","Spr","white clover",444,"E","Fabaceae","O"
"14-GB/H+","14","LTR","LTR-C","GB/H+","Spr","white clover",83,"E","Fabaceae","O"
"15-GB/H+","15","LTR","LTR-C","GB/H+","Spr","white clover",358,"E","Fabaceae","O"
"16-GB/H+","16","LTR","LTR-C","GB/H+","Spr","white clover",1367,"E","Fabaceae","O"
"17-GB/H+","17","LTR","LTR-C","GB/H+","Spr","white clover",399,"E","Fabaceae","O"
"14-GB/H+","14","PYW","PYW-C","GB/H+","Spr","white clover",43,"E","Fabaceae","O"
"15-GB/H+","15","PYW","PYW-C","GB/H+","Spr","white clover",20,"E","Fabaceae","O"
"16-GB/H+","16","PYW","PYW-C","GB/H+","Spr","white clover",229,"E","Fabaceae","O"
"17-GB/H+","17","PYW","PYW-C","GB/H+","Spr","white clover",175,"E","Fabaceae","O"
"18-GB/H+","18","PYW","PYW-C","GB/H+","Spr","white clover",106,"E","Fabaceae","O"
"18-GB/H+","18","LTR","LTR-E","GB/H+","SnS","white sweet clover",1,"E","Fabaceae","O"
"14-GB/H+","14","PYW","PYW-N","GB/H+","SnS","white sweet clover",6,"E","Fabaceae","O"
"16-GB/H+","16","PYW","PYW-N","GB/H+","SnS","white sweet clover",27,"E","Fabaceae","O"
"17-GB/H+","17","PYW","PYW-N","GB/H+","SnS","white sweet clover",3,"E","Fabaceae","O"
"18-GB/H+","18","PYW","PYW-N","GB/H+","SnS","white sweet clover",48,"E","Fabaceae","O"
"14-GB/H+","14","GIL","GIL-N","GB/H+","Spr","white sweet clover",1,"E","Fabaceae","O"
"16-GB/H+","16","GIL","GIL-N","GB/H+","Spr","white sweet clover",6,"E","Fabaceae","O"
"15-GB/H+","15","GIL","GIL-C","GB/H+","SnS","white vervain",1,"N","Verbenaceae","O"
"16-GB/H+","16","GIL","GIL-C","GB/H+","SnS","white vervain",70,"N","Verbenaceae","O"
"15-GB/H+","15","LTR","LTR-E","GB/H+","SnS","white vervain",12,"N","Verbenaceae","O"
"16-GB/H+","16","LTR","LTR-E","GB/H+","SnS","white vervain",15,"N","Verbenaceae","O"
"14-GB/H+","14","LTR","LTR-W","GB/H+","Con","white wild indigo",5,"N","Fabaceae","X"
"15-GB/H+","15","LTR","LTR-W","GB/H+","Con","white wild indigo",3,"N","Fabaceae","X"
"17-GB/H+","17","LTR","LTR-W","GB/H+","Con","white wild indigo",4,"N","Fabaceae","X"
"14-GB/H+","14","LTR","LTR-E","GB/H+","SnS","white wild indigo",3,"N","Fabaceae","X"
"15-GB/H+","15","LTR","LTR-E","GB/H+","SnS","white wild indigo",4,"N","Fabaceae","X"
"16-GB/H+","16","LTR","LTR-E","GB/H+","SnS","white wild indigo",2,"N","Fabaceae","X"
"17-GB/H+","17","LTR","LTR-E","GB/H+","SnS","white wild indigo",1,"N","Fabaceae","X"
"18-GB/H+","18","LTR","LTR-E","GB/H+","SnS","white wild indigo",20,"N","Fabaceae","X"
"14-GB/H+","14","PYW","PYW-N","GB/H+","SnS","white wild indigo",1,"N","Fabaceae","X"
"17-GB/H+","17","PYW","PYW-N","GB/H+","SnS","white wild indigo",3,"N","Fabaceae","X"
"15-GB/H+","15","LTR","LTR-C","GB/H+","Spr","white wild indigo",3,"N","Fabaceae","X"
"16-GB/H+","16","LTR","LTR-C","GB/H+","Spr","white wild indigo",6,"N","Fabaceae","X"
"17-GB/H+","17","LTR","LTR-C","GB/H+","Spr","white wild indigo",11,"N","Fabaceae","X"
"17-GB/H+","17","PYW","PYW-C","GB/H+","Spr","white wild indigo",30,"N","Fabaceae","X"
"15-GB/H+","15","LTR","LTR-W","GB/H+","Con","whorled milkweed",1,"N","Apocynaceae","O"
"18-GB/H+","18","LTR","LTR-W","GB/H+","Con","whorled milkweed",3,"N","Apocynaceae","O"
"15-GB/H+","15","LTR","LTR-C","GB/H+","Spr","whorled milkweed",3,"N","Apocynaceae","O"
"14-GB/H+","14","GIL","GIL-S","GB/H+","Con","wild bergamot",61,"N","Lamiaceae","X"
"15-GB/H+","15","GIL","GIL-S","GB/H+","Con","wild bergamot",169,"N","Lamiaceae","X"
"16-GB/H+","16","GIL","GIL-S","GB/H+","Con","wild bergamot",570,"N","Lamiaceae","X"
"17-GB/H+","17","GIL","GIL-S","GB/H+","Con","wild bergamot",921,"N","Lamiaceae","X"
"18-GB/H+","18","GIL","GIL-S","GB/H+","Con","wild bergamot",37,"N","Lamiaceae","X"
"15-GB/H+","15","LTR","LTR-W","GB/H+","Con","wild bergamot",5,"N","Lamiaceae","X"
"16-GB/H+","16","LTR","LTR-W","GB/H+","Con","wild bergamot",4,"N","Lamiaceae","X"
"18-GB/H+","18","LTR","LTR-W","GB/H+","Con","wild bergamot",7,"N","Lamiaceae","X"
"16-GB/H+","16","GIL","GIL-C","GB/H+","SnS","wild bergamot",13,"N","Lamiaceae","X"
"17-GB/H+","17","GIL","GIL-C","GB/H+","SnS","wild bergamot",29,"N","Lamiaceae","X"
"18-GB/H+","18","GIL","GIL-C","GB/H+","SnS","wild bergamot",18,"N","Lamiaceae","X"
"16-GB/H+","16","LTR","LTR-E","GB/H+","SnS","wild bergamot",1,"N","Lamiaceae","X"
"17-GB/H+","17","LTR","LTR-E","GB/H+","SnS","wild bergamot",8,"N","Lamiaceae","X"
"18-GB/H+","18","LTR","LTR-E","GB/H+","SnS","wild bergamot",13,"N","Lamiaceae","X"
"17-GB/H+","17","PYW","PYW-N","GB/H+","SnS","wild bergamot",1,"N","Lamiaceae","X"
"18-GB/H+","18","PYW","PYW-N","GB/H+","SnS","wild bergamot",8,"N","Lamiaceae","X"
"17-GB/H+","17","GIL","GIL-N","GB/H+","Spr","wild bergamot",54,"N","Lamiaceae","X"
"18-GB/H+","18","GIL","GIL-N","GB/H+","Spr","wild bergamot",1,"N","Lamiaceae","X"
"16-GB/H+","16","LTR","LTR-C","GB/H+","Spr","wild bergamot",7,"N","Lamiaceae","X"
"17-GB/H+","17","LTR","LTR-C","GB/H+","Spr","wild bergamot",11,"N","Lamiaceae","X"
"18-GB/H+","18","LTR","LTR-C","GB/H+","Spr","wild bergamot",1,"N","Lamiaceae","X"
"18-GB/H+","18","PYW","PYW-C","GB/H+","Spr","wild bergamot",53,"N","Lamiaceae","X"
"14-GB/H+","14","GIL","GIL-S","GB/H+","Con","wild parsnip",2,"E","Apiaceae","O"
"16-GB/H+","16","GIL","GIL-S","GB/H+","Con","wild parsnip",5,"E","Apiaceae","O"
"15-GB/H+","15","LTR","LTR-W","GB/H+","Con","yarrow",7,"N","Asteraceae","O"
"17-GB/H+","17","LTR","LTR-W","GB/H+","Con","yarrow",1,"N","Asteraceae","O"
"18-GB/H+","18","LTR","LTR-W","GB/H+","Con","yarrow",130,"N","Asteraceae","O"
"14-GB/H+","14","PYW","PYW-S","GB/H+","Con","yarrow",2,"N","Asteraceae","O"
"16-GB/H+","16","PYW","PYW-S","GB/H+","Con","yarrow",8,"N","Asteraceae","O"
"17-GB/H+","17","PYW","PYW-S","GB/H+","Con","yarrow",1,"N","Asteraceae","O"
"18-GB/H+","18","GIL","GIL-C","GB/H+","SnS","yarrow",2,"N","Asteraceae","O"
"15-GB/H+","15","LTR","LTR-E","GB/H+","SnS","yarrow",28,"N","Asteraceae","O"
"16-GB/H+","16","LTR","LTR-E","GB/H+","SnS","yarrow",40,"N","Asteraceae","O"
"17-GB/H+","17","LTR","LTR-E","GB/H+","SnS","yarrow",59,"N","Asteraceae","O"
"18-GB/H+","18","LTR","LTR-E","GB/H+","SnS","yarrow",139,"N","Asteraceae","O"
"16-GB/H+","16","PYW","PYW-N","GB/H+","SnS","yarrow",2,"N","Asteraceae","O"
"18-GB/H+","18","GIL","GIL-N","GB/H+","Spr","yarrow",14,"N","Asteraceae","O"
"14-GB/H+","14","LTR","LTR-C","GB/H+","Spr","yarrow",1,"N","Asteraceae","O"
"15-GB/H+","15","LTR","LTR-C","GB/H+","Spr","yarrow",25,"N","Asteraceae","O"
"16-GB/H+","16","LTR","LTR-C","GB/H+","Spr","yarrow",15,"N","Asteraceae","O"
"17-GB/H+","17","LTR","LTR-C","GB/H+","Spr","yarrow",34,"N","Asteraceae","O"
"18-GB/H+","18","LTR","LTR-C","GB/H+","Spr","yarrow",205,"N","Asteraceae","O"
"16-GB/H+","16","PYW","PYW-C","GB/H+","Spr","yarrow",7,"N","Asteraceae","O"
"17-GB/H+","17","PYW","PYW-C","GB/H+","Spr","yarrow",21,"N","Asteraceae","O"
"18-GB/H+","18","PYW","PYW-C","GB/H+","Spr","yarrow",8,"N","Asteraceae","O"
"15-GB/H+","15","GIL","GIL-S","GB/H+","Con","yellow oxalis",3,"N","Oxalidaceae","O"
"14-GB/H+","14","GIL","GIL-C","GB/H+","SnS","yellow oxalis",9,"N","Oxalidaceae","O"
"15-GB/H+","15","GIL","GIL-C","GB/H+","SnS","yellow oxalis",22,"N","Oxalidaceae","O"
"16-GB/H+","16","GIL","GIL-C","GB/H+","SnS","yellow oxalis",10,"N","Oxalidaceae","O"
"17-GB/H+","17","GIL","GIL-C","GB/H+","SnS","yellow oxalis",11,"N","Oxalidaceae","O"
"15-GB/H+","15","LTR","LTR-E","GB/H+","SnS","yellow oxalis",34,"N","Oxalidaceae","O"
"14-GB/H+","14","GIL","GIL-N","GB/H+","Spr","yellow oxalis",1,"N","Oxalidaceae","O"
"15-GB/H+","15","GIL","GIL-N","GB/H+","Spr","yellow oxalis",65,"N","Oxalidaceae","O"
"17-GB/H+","17","GIL","GIL-N","GB/H+","Spr","yellow oxalis",1,"N","Oxalidaceae","O"
"15-GB/H+","15","LTR","LTR-C","GB/H+","Spr","yellow oxalis",82,"N","Oxalidaceae","O"
"15-GB/H+","15","PYW","PYW-C","GB/H+","Spr","yellow oxalis",2,"N","Oxalidaceae","O"
"16-GB/H+","16","PYW","PYW-C","GB/H+","Spr","yellow oxalis",10,"N","Oxalidaceae","O"
"14-GB/H+","14","GIL","GIL-S","GB/H+","Con","yellow sweet clover",5,"E","Fabaceae","O"
"17-GB/H+","17","GIL","GIL-S","GB/H+","Con","yellow sweet clover",7,"E","Fabaceae","O"
"18-GB/H+","18","GIL","GIL-S","GB/H+","Con","yellow sweet clover",3,"E","Fabaceae","O"
"15-GB/H+","15","LTR","LTR-W","GB/H+","Con","yellow sweet clover",1,"E","Fabaceae","O"
"16-GB/H+","16","LTR","LTR-W","GB/H+","Con","yellow sweet clover",1,"E","Fabaceae","O"
"17-GB/H+","17","LTR","LTR-W","GB/H+","Con","yellow sweet clover",8,"E","Fabaceae","O"
"18-GB/H+","18","LTR","LTR-W","GB/H+","Con","yellow sweet clover",26,"E","Fabaceae","O"
"16-GB/H+","16","PYW","PYW-S","GB/H+","Con","yellow sweet clover",10,"E","Fabaceae","O"
"14-GB/H+","14","GIL","GIL-C","GB/H+","SnS","yellow sweet clover",5,"E","Fabaceae","O"
"16-GB/H+","16","GIL","GIL-C","GB/H+","SnS","yellow sweet clover",5,"E","Fabaceae","O"
"17-GB/H+","17","GIL","GIL-C","GB/H+","SnS","yellow sweet clover",14,"E","Fabaceae","O"
"16-GB/H+","16","LTR","LTR-E","GB/H+","SnS","yellow sweet clover",5,"E","Fabaceae","O"
"14-GB/H+","14","PYW","PYW-N","GB/H+","SnS","yellow sweet clover",5,"E","Fabaceae","O"
"16-GB/H+","16","PYW","PYW-N","GB/H+","SnS","yellow sweet clover",27,"E","Fabaceae","O"
"18-GB/H+","18","PYW","PYW-N","GB/H+","SnS","yellow sweet clover",2,"E","Fabaceae","O"
"14-GB/H+","14","GIL","GIL-N","GB/H+","Spr","yellow sweet clover",12,"E","Fabaceae","O"
"16-GB/H+","16","GIL","GIL-N","GB/H+","Spr","yellow sweet clover",16,"E","Fabaceae","O"
"17-GB/H+","17","GIL","GIL-N","GB/H+","Spr","yellow sweet clover",10,"E","Fabaceae","O"
"15-GB/H+","15","LTR","LTR-C","GB/H+","Spr","yellow sweet clover",10,"E","Fabaceae","O"
"14-GB/H+","14","PYW","PYW-C","GB/H+","Spr","yellow sweet clover",16,"E","Fabaceae","O"
"16-GB/H+","16","PYW","PYW-C","GB/H+","Spr","yellow sweet clover",13,"E","Fabaceae","O"
